Elapsed time,ii
0,5.34E-02
0.001,1.05E-01
0.002,9.98E-02
0.003,8.95E-02
0.004,7.61E-02
0.005,1.12E-01
0.006,7.25E-02
0.007,4.99E-02
0.008,1.42E-01
0.009,8.53E-02
0.01,9.62E-02
0.011,8.99E-02
0.012,1.11E-01
0.013,6.67E-02
0.014,1.38E-01
0.015,7.52E-02
0.016,9.06E-02
0.017,8.14E-02
0.018,9.96E-02
0.019,1.00E-01
0.02,9.55E-02
0.021,4.42E-02
0.022,1.09E-01
0.023,6.61E-02
0.024,6.47E-02
0.025,7.72E-02
0.026,1.27E-01
0.027,8.68E-02
0.028,5.52E-02
0.029,5.47E-02
0.03,8.05E-02
0.031,9.63E-02
0.032,2.98E-02
0.033,1.04E-01
0.034,5.48E-02
0.035,4.92E-02
0.036,1.21E-01
0.037,1.07E-01
0.038,9.22E-02
0.039,9.56E-02
0.04,7.59E-02
0.041,8.11E-02
0.042,6.17E-02
0.043,7.26E-02
0.044,9.04E-02
0.045,6.23E-02
0.046,3.11E-02
0.047,1.04E-01
0.048,1.06E-01
0.049,6.09E-02
0.05,9.67E-02
0.051,1.01E-01
0.052,8.96E-02
0.053,6.92E-02
0.054,1.15E-01
0.055,5.97E-02
0.056,1.20E-01
0.057,7.78E-02
0.058,1.04E-01
0.059,2.60E-02
0.06,6.97E-02
0.061,9.06E-02
0.062,5.48E-02
0.063,6.77E-02
0.064,5.53E-02
0.065,6.74E-02
0.066,9.26E-02
0.067,1.20E-01
0.068,9.37E-02
0.069,8.12E-02
0.07,6.36E-02
0.071,1.03E-01
0.072,8.47E-02
0.073,1.22E-01
0.074,1.20E-01
0.075,6.49E-02
0.076,1.22E-01
0.077,4.42E-02
0.078,1.19E-01
0.079,6.44E-02
0.08,6.87E-02
0.081,9.86E-02
0.082,1.34E-01
0.083,3.98E-02
0.084,5.89E-02
0.085,1.01E-01
0.086,7.66E-02
0.087,9.02E-02
0.088,1.35E-01
0.089,5.08E-02
0.09,7.99E-02
0.091,3.12E-02
0.092,5.45E-02
0.093,5.89E-02
0.094,7.40E-02
0.095,8.26E-02
0.096,9.21E-02
0.097,5.73E-02
0.098,3.87E-02
0.099,9.37E-02
0.1,1.38E-01
0.101,5.10E-02
0.102,4.51E-02
0.103,9.70E-02
0.104,2.70E-02
0.105,8.11E-02
0.106,5.63E-02
0.107,1.08E-01
0.108,5.59E-02
0.109,9.89E-02
0.11,6.94E-02
0.111,1.32E-01
0.112,9.27E-02
0.113,9.43E-02
0.114,1.03E-01
0.115,1.28E-01
0.116,3.22E-02
0.117,8.78E-02
0.118,7.41E-02
0.119,1.25E-01
0.12,3.52E-02
0.121,5.23E-02
0.122,6.49E-02
0.123,7.11E-02
0.124,9.52E-02
0.125,1.04E-01
0.126,7.71E-02
0.127,9.41E-02
0.128,9.20E-02
0.129,7.78E-02
0.13,3.16E-02
0.131,7.50E-02
0.132,9.60E-02
0.133,1.05E-01
0.134,9.22E-02
0.135,4.70E-02
0.136,8.39E-02
0.137,4.19E-02
0.138,4.72E-02
0.139,1.18E-01
0.14,4.00E-02
0.141,8.72E-02
0.142,1.43E-01
0.143,5.93E-02
0.144,6.48E-02
0.145,9.71E-02
0.146,8.66E-02
0.147,1.41E-01
0.148,1.29E-01
0.149,6.53E-02
0.15,9.96E-02
0.151,6.05E-02
0.152,5.18E-02
0.153,1.41E-01
0.154,1.35E-01
0.155,6.50E-02
0.156,4.22E-02
0.157,1.00E-01
0.158,8.99E-02
0.159,8.15E-02
0.16,7.23E-02
0.161,1.30E-01
0.162,1.09E-01
0.163,5.21E-02
0.164,1.24E-01
0.165,7.70E-02
0.166,9.98E-02
0.167,1.23E-01
0.168,7.92E-02
0.169,9.23E-02
0.17,9.75E-02
0.171,1.03E-01
0.172,3.51E-02
0.173,6.48E-02
0.174,9.85E-02
0.175,4.98E-02
0.176,6.87E-02
0.177,9.59E-02
0.178,1.16E-01
0.179,8.32E-02
0.18,6.79E-02
0.181,7.88E-02
0.182,5.17E-02
0.183,1.38E-01
0.184,8.06E-02
0.185,1.27E-01
0.186,2.50E-02
0.187,2.84E-02
0.188,7.74E-02
0.189,8.77E-02
0.19,2.79E-02
0.191,5.21E-02
0.192,1.28E-01
0.193,7.66E-02
0.194,1.15E-01
0.195,1.18E-01
0.196,3.97E-02
0.197,7.68E-02
0.198,6.87E-02
0.199,6.20E-02
0.2,7.95E-02
0.201,5.04E-02
0.202,6.21E-02
0.203,9.06E-02
0.204,3.19E-02
0.205,9.82E-02
0.206,1.06E-01
0.207,5.43E-02
0.208,1.14E-01
0.209,6.06E-02
0.21,5.54E-02
0.211,7.12E-02
0.212,7.70E-02
0.213,7.44E-02
0.214,1.24E-01
0.215,6.84E-02
0.216,8.59E-02
0.217,1.09E-01
0.218,3.39E-02
0.219,1.13E-01
0.22,6.78E-02
0.221,5.89E-02
0.222,5.34E-02
0.223,8.02E-02
0.224,1.04E-01
0.225,3.11E-02
0.226,9.58E-02
0.227,2.62E-02
0.228,2.65E-02
0.229,1.22E-01
0.23,4.60E-02
0.231,8.84E-02
0.232,1.11E-01
0.233,7.60E-02
0.234,1.02E-01
0.235,9.53E-02
0.236,6.54E-02
0.237,7.04E-02
0.238,8.68E-02
0.239,1.07E-01
0.24,1.14E-01
0.241,9.67E-02
0.242,1.13E-01
0.243,7.42E-02
0.244,7.78E-02
0.245,4.81E-02
0.246,7.08E-02
0.247,5.79E-02
0.248,9.71E-02
0.249,3.68E-02
0.25,6.12E-02
0.251,5.92E-02
0.252,1.03E-01
0.253,7.51E-02
0.254,3.73E-02
0.255,6.59E-02
0.256,1.01E-01
0.257,5.52E-02
0.258,8.13E-02
0.259,5.21E-02
0.26,1.21E-01
0.261,1.09E-01
0.262,7.79E-02
0.263,8.76E-02
0.264,6.86E-02
0.265,1.23E-01
0.266,1.02E-01
0.267,8.18E-02
0.268,9.76E-02
0.269,1.06E-01
0.27,6.14E-02
0.271,5.61E-02
0.272,6.50E-02
0.273,1.14E-01
0.274,1.06E-01
0.275,8.69E-02
0.276,1.04E-01
0.277,7.88E-02
0.278,4.87E-02
0.279,3.69E-02
0.28,6.56E-02
0.281,9.61E-02
0.282,5.93E-02
0.283,1.35E-01
0.284,7.36E-02
0.285,9.31E-02
0.286,9.57E-02
0.287,9.08E-02
0.288,1.08E-01
0.289,3.22E-02
0.29,5.16E-02
0.291,4.55E-02
0.292,9.90E-02
0.293,5.55E-02
0.294,1.16E-01
0.295,8.56E-02
0.296,6.24E-02
0.297,8.37E-02
0.298,8.21E-02
0.299,1.40E-02
0.3,1.05E-01
0.301,6.88E-02
0.302,1.21E-01
0.303,1.23E-01
0.304,9.00E-02
0.305,1.10E-01
0.306,-2.18E-01
0.307,-1.60E-01
0.308,7.53E-01
0.309,1.27E+00
0.31,-5.26E-01
0.311,-2.67E-01
0.312,-1.88E-01
0.313,1.95E-02
0.314,-3.32E-01
0.315,8.17E-01
0.316,3.22E-01
0.317,1.80E-01
0.318,-2.56E-01
0.319,1.06E+00
0.32,4.75E-01
0.321,-7.84E-01
0.322,7.47E-01
0.323,-6.55E-01
0.324,7.39E-01
0.325,6.11E-01
0.326,-3.51E-01
0.327,-5.57E-02
0.328,1.76E-01
0.329,-4.76E-01
0.33,3.42E-01
0.331,-2.78E-01
0.332,3.58E-01
0.333,-4.89E-01
0.334,-7.67E-01
0.335,7.91E-01
0.336,-4.83E-01
0.337,9.85E-01
0.338,-2.63E-01
0.339,-5.55E-01
0.34,-6.60E-01
0.341,3.82E-01
0.342,6.63E-01
0.343,-4.31E-01
0.344,-8.24E-01
0.345,-6.49E-01
0.346,2.42E-01
0.347,-5.47E-02
0.348,-6.84E-01
0.349,-8.06E-01
0.35,-4.44E-01
0.351,-2.36E-01
0.352,-6.78E-01
0.353,5.39E-01
0.354,1.65E-01
0.355,9.09E-01
0.356,-2.61E-01
0.357,6.54E-01
0.358,5.96E-01
0.359,2.35E-01
0.36,3.71E-01
0.361,1.81E-01
0.362,5.09E-01
0.363,-6.87E-01
0.364,9.09E-01
0.365,6.67E-01
0.366,-5.20E-01
0.367,3.55E-01
0.368,9.76E-01
0.369,1.75E-01
0.37,5.01E-02
0.371,-6.40E-01
0.372,4.03E-01
0.373,4.94E-01
0.374,4.77E-01
0.375,-1.81E-01
0.376,8.66E-01
0.377,3.94E-01
0.378,-1.86E-01
0.379,-6.91E-01
0.38,1.90E-01
0.381,3.14E-01
0.382,-5.62E-02
0.383,-3.71E-01
0.384,7.69E-01
0.385,5.12E-01
0.386,-6.12E-01
0.387,-1.26E-01
0.388,1.67E-01
0.389,8.79E-01
0.39,1.31E-03
0.391,-4.60E-01
0.392,1.99E-01
0.393,-4.18E-01
0.394,-2.85E-02
0.395,-8.06E-01
0.396,8.33E-01
0.397,2.78E-01
0.398,1.89E-01
0.399,1.32E-01
0.4,1.02E+00
0.401,-8.08E-01
0.402,-7.14E-01
0.403,3.31E-01
0.404,5.71E-01
0.405,-6.52E-01
0.406,8.13E-01
0.407,-1.42E-01
0.408,6.80E-01
0.409,8.82E-02
0.41,-2.98E-02
0.411,-5.16E-01
0.412,3.13E-01
0.413,2.00E-01
0.414,-2.56E-01
0.415,9.06E-02
0.416,-7.80E-01
0.417,-9.20E-01
0.418,9.03E-01
0.419,1.05E+00
0.42,9.75E-01
0.421,-8.15E-01
0.422,9.06E-01
0.423,-1.84E-01
0.424,-3.58E-02
0.425,5.00E-01
0.426,2.74E-01
0.427,-4.62E-01
0.428,-8.37E-01
0.429,4.30E-01
0.43,3.14E-01
0.431,9.53E-01
0.432,-2.73E-01
0.433,2.75E-01
0.434,5.82E-01
0.435,7.93E-01
0.436,8.40E-01
0.437,2.90E-01
0.438,-6.44E-01
0.439,-5.60E-01
0.44,7.46E-01
0.441,-4.01E-01
0.442,1.06E+00
0.443,9.29E-01
0.444,-6.76E-01
0.445,1.54E-01
0.446,2.07E-02
0.447,4.57E-01
0.448,5.53E-01
0.449,6.52E-01
0.45,-7.10E-01
0.451,-1.95E-01
0.452,1.53E-01
0.453,7.80E-01
0.454,2.53E-01
0.455,3.60E-01
0.456,-7.59E-01
0.457,-7.54E-01
0.458,4.72E-01
0.459,-6.45E-01
0.46,-3.91E-01
0.461,-4.87E-02
0.462,3.17E-01
0.463,-7.48E-01
0.464,-4.54E-01
0.465,-5.61E-01
0.466,-6.02E-02
0.467,-7.44E-01
0.468,1.54E-01
0.469,-1.27E-01
0.47,-7.27E-01
0.471,-2.97E-01
0.472,6.15E-01
0.473,2.66E-01
0.474,-3.43E-01
0.475,-2.66E-01
0.476,-6.95E-01
0.477,-6.05E-01
0.478,-2.09E-01
0.479,1.91E-01
0.48,8.15E-01
0.481,7.57E-01
0.482,-1.15E-01
0.483,-2.76E-02
0.484,3.08E-01
0.485,2.13E-02
0.486,-5.71E-01
0.487,5.93E-01
0.488,3.62E-01
0.489,5.56E-01
0.49,-2.80E-01
0.491,-1.52E-01
0.492,-3.24E-01
0.493,-3.18E-01
0.494,-3.52E-02
0.495,-1.00E-01
0.496,5.55E-01
0.497,-2.75E-02
0.498,-7.01E-01
0.499,-7.04E-01
0.5,5.77E-01
0.501,-4.37E-01
0.502,4.84E-01
0.503,3.06E-01
0.504,2.05E-01
0.505,5.69E-01
0.506,1.33E-01
0.507,8.51E-01
0.508,9.89E-01
0.509,3.84E-01
0.51,3.79E-01
0.511,-2.90E-01
0.512,1.65E-01
0.513,-5.05E-01
0.514,-3.74E-01
0.515,2.64E-01
0.516,5.64E-01
0.517,1.78E-01
0.518,5.44E-01
0.519,-5.26E-01
0.52,7.94E-01
0.521,-7.03E-01
0.522,1.64E-01
0.523,7.68E-01
0.524,2.33E-01
0.525,-6.05E-01
0.526,-6.19E-01
0.527,-7.08E-02
0.528,-5.49E-01
0.529,-4.16E-01
0.53,-7.56E-01
0.531,-6.23E-01
0.532,-1.08E+00
0.533,7.52E-02
0.534,7.23E-01
0.535,2.29E-01
0.536,-1.08E+00
0.537,-3.98E-01
0.538,6.53E-01
0.539,2.73E-01
0.54,1.60E-01
0.541,8.63E-01
0.542,6.00E-01
0.543,-6.55E-01
0.544,-7.30E-01
0.545,-3.21E-01
0.546,5.34E-01
0.547,2.72E-01
0.548,-9.15E-01
0.549,2.57E-01
0.55,8.80E-01
0.551,-7.39E-01
0.552,1.02E-01
0.553,-3.80E-01
0.554,1.45E-01
0.555,1.88E-02
0.556,-1.84E-01
0.557,4.81E-02
0.558,5.40E-01
0.559,-3.09E-01
0.56,-4.01E-01
0.561,9.22E-01
0.562,1.20E-02
0.563,1.23E-01
0.564,1.06E-01
0.565,4.90E-02
0.566,8.54E-02
0.567,4.80E-02
0.568,5.72E-02
0.569,8.07E-02
0.57,6.24E-02
0.571,2.63E-02
0.572,4.99E-02
0.573,1.09E-01
0.574,1.17E-01
0.575,1.01E-01
0.576,1.19E-01
0.577,1.10E-01
0.578,5.81E-02
0.579,7.25E-02
0.58,6.69E-02
0.581,6.65E-02
0.582,1.39E-01
0.583,5.19E-02
0.584,1.28E-01
0.585,7.21E-02
0.586,8.53E-02
0.587,1.01E-01
0.588,5.47E-02
0.589,1.03E-01
0.59,9.63E-02
0.591,1.15E-01
0.592,9.69E-02
0.593,5.63E-02
0.594,9.48E-02
0.595,7.31E-02
0.596,3.75E-02
0.597,7.26E-02
0.598,1.42E-01
0.599,1.31E-01
0.6,9.01E-02
0.601,5.75E-02
0.602,6.28E-02
0.603,8.98E-02
0.604,8.83E-02
0.605,1.05E-01
0.606,8.28E-02
0.607,1.04E-01
0.608,5.20E-02
0.609,6.26E-02
0.61,1.10E-01
0.611,9.17E-02
0.612,4.70E-02
0.613,1.19E-01
0.614,4.30E-02
0.615,8.07E-02
0.616,5.34E-02
0.617,6.69E-02
0.618,9.18E-02
0.619,1.01E-01
0.62,9.74E-02
0.621,5.24E-02
0.622,1.10E-01
0.623,3.03E-02
0.624,4.60E-02
0.625,7.45E-02
0.626,5.98E-02
0.627,1.04E-01
0.628,1.06E-01
0.629,3.57E-02
0.63,9.39E-02
0.631,8.80E-02
0.632,7.49E-02
0.633,1.15E-01
0.634,5.91E-02
0.635,1.22E-01
0.636,1.27E-01
0.637,5.39E-02
0.638,1.32E-01
0.639,4.33E-02
0.64,5.29E-02
0.641,8.15E-02
0.642,1.04E-01
0.643,1.24E-01
0.644,1.17E-01
0.645,6.62E-02
0.646,8.49E-02
0.647,1.02E-01
0.648,2.57E-02
0.649,3.83E-02
0.65,1.06E-01
0.651,4.15E-02
0.652,1.01E-01
0.653,5.89E-02
0.654,9.52E-02
0.655,7.27E-02
0.656,1.15E-01
0.657,3.75E-02
0.658,3.19E-02
0.659,8.58E-02
0.66,1.07E-01
0.661,8.18E-02
0.662,7.81E-02
0.663,6.17E-02
0.664,1.09E-01
0.665,6.61E-02
0.666,1.11E-01
0.667,3.20E-02
0.668,7.65E-02
0.669,6.86E-02
0.67,9.67E-02
0.671,8.51E-02
0.672,9.45E-02
0.673,4.68E-02
0.674,5.39E-02
0.675,1.03E-01
0.676,4.55E-02
0.677,9.72E-02
0.678,5.32E-02
0.679,1.13E-01
0.68,4.29E-02
0.681,9.71E-02
0.682,9.72E-02
0.683,6.56E-02
0.684,5.94E-02
0.685,7.15E-02
0.686,6.11E-02
0.687,5.24E-02
0.688,1.01E-01
0.689,7.98E-02
0.69,7.14E-02
0.691,1.23E-01
0.692,8.99E-02
0.693,1.04E-01
0.694,5.35E-02
0.695,2.62E-02
0.696,4.58E-02
0.697,3.18E-02
0.698,6.95E-02
0.699,8.61E-02
0.7,8.06E-02
0.701,1.28E-01
0.702,1.30E-01
0.703,1.09E-01
0.704,8.66E-02
0.705,5.54E-02
0.706,7.05E-02
0.707,5.41E-02
0.708,1.03E-01
0.709,1.54E-02
0.71,1.06E-01
0.711,8.77E-02
0.712,4.18E-02
0.713,4.56E-02
0.714,8.96E-02
0.715,1.56E-01
0.716,3.96E-02
0.717,3.98E-02
0.718,5.27E-02
0.719,3.48E-02
0.72,1.11E-01
0.721,5.45E-02
0.722,6.08E-02
0.723,7.01E-02
0.724,6.97E-02
0.725,7.78E-02
0.726,5.78E-02
0.727,9.79E-02
0.728,5.97E-02
0.729,9.43E-02
0.73,3.16E-02
0.731,8.77E-02
0.732,1.15E-01
0.733,1.20E-01
0.734,9.89E-02
0.735,9.48E-02
0.736,4.25E-02
0.737,1.15E-01
0.738,1.10E-01
0.739,8.30E-02
0.74,7.00E-02
0.741,8.73E-02
0.742,6.62E-02
0.743,1.06E-01
0.744,1.25E-01
0.745,3.31E-02
0.746,1.07E-01
0.747,8.19E-02
0.748,1.03E-01
0.749,5.73E-02
0.75,8.52E-02
0.751,5.08E-02
0.752,4.42E-02
0.753,7.28E-02
0.754,3.33E-02
0.755,2.63E-02
0.756,1.12E-01
0.757,7.56E-02
0.758,1.42E-01
0.759,1.28E-01
0.76,8.89E-02
0.761,6.49E-02
0.762,5.41E-02
0.763,4.54E-02
0.764,1.08E-01
0.765,8.29E-02
0.766,9.88E-02
0.767,4.38E-02
0.768,9.72E-02
0.769,5.66E-02
0.77,1.00E-01
0.771,5.30E-02
0.772,9.50E-02
0.773,3.82E-02
0.774,8.60E-02
0.775,9.26E-02
0.776,1.11E-01
0.777,8.31E-02
0.778,9.76E-02
0.779,9.83E-02
0.78,1.14E-01
0.781,5.94E-02
0.782,7.72E-02
0.783,7.48E-02
0.784,5.00E-02
0.785,5.11E-02
0.786,3.84E-02
0.787,6.85E-02
0.788,6.00E-02
0.789,5.40E-02
0.79,1.15E-01
0.791,9.04E-02
0.792,8.91E-02
0.793,9.93E-02
0.794,6.19E-02
0.795,1.09E-01
0.796,7.30E-02
0.797,4.46E-02
0.798,3.81E-02
0.799,8.82E-02
0.8,5.68E-02
0.801,2.86E-02
0.802,1.09E-01
0.803,3.59E-02
0.804,7.08E-02
0.805,1.39E-01
0.806,4.40E-02
0.807,8.24E-02
0.808,5.45E-02
0.809,7.58E-02
0.81,4.85E-02
0.811,1.00E-01
0.812,4.82E-02
0.813,8.55E-02
0.814,6.84E-02
0.815,2.57E-02
0.816,1.16E-01
0.817,5.90E-02
0.818,1.02E-01
0.819,4.72E-02
0.82,6.95E-02
0.821,6.89E-02
0.822,6.08E-02
0.823,9.53E-02
0.824,5.24E-02
0.825,1.22E-01
0.826,1.19E-01
0.827,9.98E-02
0.828,1.19E-01
0.829,1.20E-01
0.83,1.15E-01
0.831,4.42E-02
0.832,9.44E-02
0.833,8.46E-02
0.834,1.06E-01
0.835,8.08E-02
0.836,1.08E-01
0.837,1.00E-01
0.838,9.59E-02
0.839,1.16E-01
0.84,1.23E-01
0.841,4.28E-02
0.842,1.08E-01
0.843,1.07E-01
0.844,6.08E-02
0.845,7.43E-02
0.846,1.02E-01
0.847,5.09E-02
0.848,9.68E-02
0.849,7.95E-02
0.85,4.16E-02
0.851,3.22E-02
0.852,7.94E-02
0.853,4.52E-02
0.854,9.96E-02
0.855,4.58E-02
0.856,1.04E-01
0.857,5.41E-02
0.858,5.22E-02
0.859,4.07E-02
0.86,8.65E-02
0.861,9.85E-02
0.862,1.21E-01
0.863,1.22E-01
0.864,1.12E-01
0.865,6.61E-02
0.866,5.40E-02
0.867,1.08E-01
0.868,5.27E-02
0.869,-2.02E-01
0.87,5.47E-01
0.871,5.10E-01
0.872,1.22E+00
0.873,8.60E-01
0.874,-8.49E-01
0.875,1.05E+00
0.876,9.65E-01
0.877,-1.00E-01
0.878,7.16E-02
0.879,-7.00E-01
0.88,-2.14E-01
0.881,-7.90E-01
0.882,8.54E-01
0.883,9.66E-01
0.884,4.67E-02
0.885,6.46E-01
0.886,-2.85E-01
0.887,-3.38E-01
0.888,5.64E-01
0.889,-2.02E-01
0.89,-6.36E-01
0.891,1.45E-01
0.892,-2.63E-01
0.893,-2.75E-02
0.894,-4.50E-01
0.895,1.03E+00
0.896,-4.88E-01
0.897,-5.89E-01
0.898,3.92E-02
0.899,3.54E-01
0.9,1.09E+00
0.901,3.65E-01
0.902,-3.63E-01
0.903,-8.55E-01
0.904,8.38E-01
0.905,6.75E-01
0.906,-4.00E-01
0.907,7.56E-01
0.908,5.10E-01
0.909,-4.07E-01
0.91,2.06E-01
0.911,-1.30E-01
0.912,-4.37E-01
0.913,9.47E-01
0.914,3.39E-01
0.915,2.39E-01
0.916,8.43E-01
0.917,-7.85E-01
0.918,1.69E-01
0.919,4.67E-01
0.92,-5.33E-01
0.921,-4.64E-01
0.922,2.56E-01
0.923,-1.23E-01
0.924,1.65E-01
0.925,1.10E-01
0.926,1.65E-01
0.927,-1.71E-01
0.928,8.51E-01
0.929,3.13E-01
0.93,9.59E-01
0.931,5.64E-01
0.932,-1.99E-01
0.933,4.29E-01
0.934,-1.81E-01
0.935,-2.15E-01
0.936,5.76E-01
0.937,-6.88E-01
0.938,-3.40E-01
0.939,-8.18E-01
0.94,1.03E+00
0.941,4.46E-01
0.942,1.85E-01
0.943,-9.74E-01
0.944,4.10E-01
0.945,-6.76E-01
0.946,-4.01E-01
0.947,5.56E-01
0.948,-1.92E-01
0.949,1.75E-01
0.95,1.20E-01
0.951,-4.13E-01
0.952,7.19E-01
0.953,6.21E-01
0.954,-1.55E-01
0.955,-2.03E-01
0.956,-6.73E-01
0.957,5.05E-01
0.958,9.71E-02
0.959,1.45E-01
0.96,8.18E-01
0.961,1.62E-01
0.962,3.36E-01
0.963,1.03E+00
0.964,-5.79E-02
0.965,3.10E-01
0.966,2.31E-02
0.967,5.94E-01
0.968,3.51E-01
0.969,-4.94E-01
0.97,-2.14E-01
0.971,3.02E-01
0.972,-9.17E-01
0.973,6.17E-01
0.974,-6.16E-02
0.975,-3.86E-01
0.976,-4.16E-01
0.977,-1.93E-01
0.978,2.21E-01
0.979,7.16E-01
0.98,3.28E-01
0.981,4.85E-01
0.982,-7.17E-01
0.983,-4.55E-01
0.984,5.82E-01
0.985,5.86E-01
0.986,4.95E-01
0.987,1.75E-01
0.988,1.83E-01
0.989,9.51E-01
0.99,6.96E-01
0.991,6.72E-01
0.992,6.96E-01
0.993,-3.28E-01
0.994,-5.49E-02
0.995,-3.08E-01
0.996,3.40E-01
0.997,4.63E-01
0.998,-1.04E-01
0.999,1.68E-01
1,7.37E-01
1.001,-7.81E-01
1.002,8.56E-01
1.003,-6.96E-01
1.004,-3.50E-01
1.005,1.66E-01
1.006,-4.93E-01
1.007,-2.69E-01
1.008,-1.97E-01
1.009,6.91E-01
1.01,7.48E-01
1.011,-6.71E-01
1.012,8.91E-01
1.013,6.12E-01
1.014,4.16E-01
1.015,2.94E-01
1.016,-2.87E-01
1.017,3.86E-01
1.018,2.25E-01
1.019,-1.75E-01
1.02,4.41E-01
1.021,-2.52E-01
1.022,-8.98E-01
1.023,-2.73E-01
1.024,1.18E-01
1.025,1.33E-01
1.026,-2.37E-01
1.027,5.76E-01
1.028,-6.85E-01
1.029,6.12E-02
1.03,-5.71E-01
1.031,5.49E-01
1.032,-3.07E-01
1.033,2.74E-01
1.034,-6.09E-01
1.035,6.27E-01
1.036,-4.01E-01
1.037,3.65E-01
1.038,2.70E-01
1.039,6.71E-01
1.04,-5.94E-02
1.041,9.67E-01
1.042,-6.68E-01
1.043,3.13E-01
1.044,4.70E-01
1.045,2.24E-02
1.046,8.95E-02
1.047,-7.64E-01
1.048,2.37E-01
1.049,3.75E-03
1.05,-2.09E-01
1.051,-9.62E-01
1.052,2.32E-01
1.053,5.31E-01
1.054,-4.70E-01
1.055,3.82E-01
1.056,-2.81E-01
1.057,-6.35E-01
1.058,-1.84E-01
1.059,7.27E-01
1.06,-6.85E-01
1.061,-1.65E-01
1.062,4.76E-01
1.063,-4.83E-01
1.064,2.66E-01
1.065,1.94E-02
1.066,-1.17E-01
1.067,9.78E-01
1.068,-3.57E-02
1.069,7.77E-01
1.07,8.54E-01
1.071,-8.14E-02
1.072,3.80E-01
1.073,-8.59E-02
1.074,1.07E+00
1.075,5.90E-02
1.076,-6.43E-01
1.077,-5.14E-01
1.078,-3.49E-01
1.079,-4.89E-01
1.08,3.90E-01
1.081,9.70E-01
1.082,1.38E-01
1.083,-2.93E-01
1.084,-4.95E-01
1.085,7.40E-01
1.086,-7.95E-02
1.087,8.56E-01
1.088,-3.86E-01
1.089,5.27E-01
1.09,1.23E-01
1.091,-6.41E-01
1.092,-2.93E-01
1.093,2.35E-01
1.094,-4.96E-02
1.095,5.52E-01
1.096,-9.02E-01
1.097,-8.18E-01
1.098,3.58E-01
1.099,-1.02E-01
1.1,5.81E-01
1.101,9.63E-01
1.102,-4.49E-01
1.103,-1.47E-01
1.104,-3.26E-02
1.105,-2.38E-01
1.106,-4.01E-01
1.107,-5.58E-01
1.108,2.92E-01
1.109,7.71E-01
1.11,-1.45E-01
1.111,1.39E-01
1.112,-2.81E-02
1.113,5.09E-01
1.114,-1.41E-02
1.115,-5.33E-01
1.116,3.93E-01
1.117,-5.08E-01
1.118,-3.10E-01
1.119,-5.45E-01
1.12,-4.23E-01
1.121,-7.22E-01
1.122,-5.17E-02
1.123,2.90E-01
1.124,1.02E+00
1.125,3.86E-03
1.126,5.59E-02
1.127,7.35E-02
1.128,9.49E-02
1.129,8.29E-02
1.13,8.88E-02
1.131,6.15E-02
1.132,7.86E-02
1.133,1.25E-01
1.134,7.31E-02
1.135,8.31E-02
1.136,5.61E-02
1.137,1.07E-01
1.138,1.27E-01
1.139,1.03E-01
1.14,3.62E-02
1.141,1.11E-01
1.142,8.11E-02
1.143,9.92E-02
1.144,9.29E-02
1.145,8.25E-02
1.146,9.43E-02
1.147,1.18E-01
1.148,1.07E-01
1.149,8.63E-02
1.15,1.97E-02
1.151,5.54E-02
1.152,1.22E-01
1.153,7.43E-02
1.154,1.16E-01
1.155,1.03E-01
1.156,3.26E-02
1.157,1.16E-01
1.158,9.30E-02
1.159,6.17E-02
1.16,1.17E-01
1.161,6.17E-02
1.162,7.15E-02
1.163,5.12E-02
1.164,8.65E-02
1.165,7.49E-02
1.166,4.12E-02
1.167,5.53E-02
1.168,8.62E-02
1.169,1.61E-02
1.17,1.34E-01
1.171,8.77E-02
1.172,5.94E-02
1.173,4.04E-02
1.174,5.89E-02
1.175,4.94E-02
1.176,7.68E-02
1.177,9.83E-02
1.178,6.97E-02
1.179,1.17E-01
1.18,8.53E-02
1.181,1.01E-01
1.182,6.84E-02
1.183,1.12E-01
1.184,5.75E-02
1.185,7.93E-02
1.186,2.71E-02
1.187,7.58E-02
1.188,1.13E-01
1.189,5.46E-02
1.19,4.99E-02
1.191,4.40E-02
1.192,5.93E-02
1.193,8.29E-02
1.194,4.13E-02
1.195,2.17E-02
1.196,5.36E-02
1.197,5.04E-02
1.198,3.29E-02
1.199,4.10E-02
1.2,1.35E-01
1.201,7.32E-02
1.202,1.10E-01
1.203,1.01E-01
1.204,1.01E-01
1.205,9.77E-02
1.206,5.98E-02
1.207,9.68E-02
1.208,6.58E-02
1.209,1.25E-01
1.21,1.16E-01
1.211,1.39E-01
1.212,6.39E-02
1.213,9.60E-02
1.214,6.56E-02
1.215,7.55E-02
1.216,1.10E-01
1.217,5.62E-02
1.218,6.01E-02
1.219,5.01E-02
1.22,1.15E-01
1.221,5.74E-02
1.222,6.22E-02
1.223,5.67E-02
1.224,9.76E-02
1.225,9.08E-02
1.226,6.40E-02
1.227,4.02E-02
1.228,4.48E-02
1.229,9.31E-02
1.23,1.05E-01
1.231,8.57E-02
1.232,1.36E-01
1.233,1.06E-01
1.234,8.98E-02
1.235,9.40E-02
1.236,1.45E-01
1.237,7.68E-02
1.238,5.97E-02
1.239,4.82E-02
1.24,2.92E-02
1.241,1.12E-01
1.242,4.90E-02
1.243,1.17E-01
1.244,7.49E-02
1.245,1.16E-01
1.246,8.61E-02
1.247,4.26E-02
1.248,9.92E-02
1.249,1.32E-01
1.25,4.09E-02
1.251,1.37E-01
1.252,1.04E-01
1.253,7.35E-02
1.254,6.25E-02
1.255,1.16E-01
1.256,8.38E-02
1.257,4.56E-02
1.258,1.16E-01
1.259,9.74E-02
1.26,8.52E-02
1.261,3.47E-02
1.262,6.47E-02
1.263,6.37E-02
1.264,3.57E-02
1.265,3.48E-02
1.266,1.12E-01
1.267,7.34E-02
1.268,1.06E-01
1.269,1.21E-01
1.27,1.10E-01
1.271,6.06E-02
1.272,7.01E-02
1.273,1.15E-01
1.274,1.10E-01
1.275,7.15E-02
1.276,1.17E-01
1.277,9.01E-02
1.278,7.68E-02
1.279,8.81E-02
1.28,6.87E-02
1.281,4.68E-02
1.282,7.65E-02
1.283,3.59E-02
1.284,1.15E-01
1.285,8.37E-02
1.286,1.68E-02
1.287,9.57E-02
1.288,7.65E-02
1.289,8.62E-02
1.29,9.77E-02
1.291,7.69E-02
1.292,1.34E-01
1.293,1.03E-01
1.294,1.35E-01
1.295,2.93E-02
1.296,5.15E-02
1.297,9.52E-02
1.298,8.24E-02
1.299,6.04E-02
1.3,1.10E-01
1.301,6.55E-02
1.302,1.31E-01
1.303,9.24E-02
1.304,9.97E-02
1.305,8.05E-02
1.306,4.76E-02
1.307,1.18E-01
1.308,1.01E-01
1.309,8.65E-02
1.31,1.30E-01
1.311,4.81E-02
1.312,5.34E-02
1.313,1.06E-01
1.314,9.44E-02
1.315,1.23E-01
1.316,1.16E-01
1.317,1.11E-01
1.318,5.38E-02
1.319,5.86E-02
1.32,9.36E-02
1.321,1.04E-01
1.322,5.87E-02
1.323,8.87E-02
1.324,1.05E-01
1.325,7.34E-02
1.326,1.22E-01
1.327,1.10E-01
1.328,3.50E-02
1.329,9.17E-02
1.33,2.76E-02
1.331,7.06E-02
1.332,8.09E-02
1.333,7.50E-02
1.334,1.04E-01
1.335,1.09E-01
1.336,1.23E-01
1.337,1.15E-01
1.338,3.91E-02
1.339,8.63E-02
1.34,1.01E-01
1.341,6.73E-02
1.342,6.49E-02
1.343,7.18E-02
1.344,6.97E-02
1.345,7.78E-02
1.346,4.71E-02
1.347,5.15E-02
1.348,1.40E-01
1.349,1.29E-01
1.35,9.36E-02
1.351,9.18E-02
1.352,6.14E-02
1.353,5.40E-02
1.354,7.84E-02
1.355,8.83E-02
1.356,7.23E-02
1.357,1.25E-01
1.358,1.38E-01
1.359,3.47E-02
1.36,7.36E-02
1.361,8.78E-02
1.362,5.61E-02
1.363,4.93E-02
1.364,8.37E-02
1.365,9.30E-02
1.366,6.92E-02
1.367,6.13E-02
1.368,9.91E-02
1.369,7.59E-02
1.37,1.26E-01
1.371,7.58E-02
1.372,7.97E-02
1.373,1.05E-01
1.374,8.02E-02
1.375,7.53E-02
1.376,5.42E-02
1.377,9.09E-02
1.378,4.43E-02
1.379,1.21E-01
1.38,5.89E-02
1.381,3.85E-02
1.382,5.03E-02
1.383,6.82E-02
1.384,6.39E-02
1.385,8.81E-02
1.386,6.51E-02
1.387,7.42E-02
1.388,8.80E-02
1.389,6.62E-02
1.39,1.29E-01
1.391,4.00E-02
1.392,9.26E-02
1.393,4.98E-02
1.394,8.15E-02
1.395,1.33E-01
1.396,5.12E-02
1.397,8.93E-02
1.398,9.49E-02
1.399,8.25E-02
1.4,7.14E-02
1.401,1.34E-01
1.402,8.12E-02
1.403,6.96E-02
1.404,4.91E-02
1.405,1.20E-01
1.406,5.88E-02
1.407,7.09E-02
1.408,9.62E-02
1.409,1.15E-01
1.41,6.32E-02
1.411,6.27E-02
1.412,8.30E-02
1.413,1.01E-01
1.414,5.78E-02
1.415,8.00E-02
1.416,7.22E-02
1.417,3.92E-02
1.418,4.53E-02
1.419,1.07E-01
1.42,8.51E-02
1.421,4.77E-02
1.422,1.01E-01
1.423,8.50E-02
1.424,1.19E-01
1.425,2.62E-02
1.426,8.29E-02
1.427,1.18E-01
1.428,6.28E-02
1.429,1.01E-01
1.43,1.15E-01
1.431,1.11E-01
1.432,-3.73E-02
1.433,-5.98E-01
1.434,5.53E-01
1.435,-7.90E-01
1.436,-4.94E-02
1.437,7.17E-02
1.438,-4.20E-01
1.439,1.14E+00
1.44,-1.75E-01
1.441,1.22E-02
1.442,-5.55E-01
1.443,-1.32E-01
1.444,-7.05E-01
1.445,6.51E-02
1.446,7.73E-01
1.447,3.45E-01
1.448,6.57E-01
1.449,-1.25E-01
1.45,3.31E-01
1.451,9.42E-01
1.452,5.08E-01
1.453,-5.96E-01
1.454,-1.22E-01
1.455,-1.54E-01
1.456,1.44E-01
1.457,3.38E-01
1.458,3.11E-01
1.459,-1.95E-01
1.46,7.41E-01
1.461,3.10E-01
1.462,3.63E-01
1.463,2.76E-01
1.464,1.00E+00
1.465,8.42E-01
1.466,2.80E-01
1.467,-7.61E-01
1.468,7.55E-01
1.469,-8.86E-02
1.47,-8.69E-02
1.471,1.29E-01
1.472,-5.30E-01
1.473,5.35E-01
1.474,4.98E-01
1.475,-3.73E-01
1.476,-9.53E-01
1.477,7.47E-01
1.478,9.43E-02
1.479,-3.56E-01
1.48,6.41E-01
1.481,6.14E-01
1.482,-2.87E-01
1.483,-2.82E-01
1.484,-4.27E-01
1.485,2.57E-02
1.486,6.53E-01
1.487,2.46E-01
1.488,7.73E-01
1.489,-7.32E-01
1.49,-3.07E-01
1.491,6.00E-01
1.492,5.08E-01
1.493,-7.97E-01
1.494,-5.20E-01
1.495,-5.06E-01
1.496,-9.17E-01
1.497,8.53E-01
1.498,-1.20E-01
1.499,3.11E-01
1.5,3.34E-01
1.501,9.34E-02
1.502,2.65E-01
1.503,1.84E-01
1.504,-2.62E-01
1.505,-6.30E-01
1.506,-2.00E-01
1.507,-2.22E-01
1.508,-5.35E-01
1.509,6.87E-01
1.51,9.66E-01
1.511,-6.57E-01
1.512,1.51E-01
1.513,-5.26E-01
1.514,6.55E-01
1.515,2.77E-01
1.516,-2.99E-01
1.517,-4.82E-01
1.518,-2.54E-03
1.519,1.85E-01
1.52,-4.22E-02
1.521,-1.75E-01
1.522,9.21E-01
1.523,-7.01E-01
1.524,-3.53E-01
1.525,-1.49E-01
1.526,-4.47E-02
1.527,5.34E-01
1.528,2.17E-01
1.529,6.40E-02
1.53,7.82E-01
1.531,-1.66E-01
1.532,-1.81E-01
1.533,8.21E-01
1.534,1.94E-01
1.535,-2.34E-01
1.536,1.50E-02
1.537,2.61E-01
1.538,-6.77E-01
1.539,-9.53E-01
1.54,-4.95E-01
1.541,6.49E-01
1.542,8.96E-01
1.543,-3.46E-01
1.544,-2.68E-01
1.545,1.73E-01
1.546,-2.91E-01
1.547,-3.73E-01
1.548,-2.06E-01
1.549,2.26E-01
1.55,1.15E+00
1.551,1.04E-01
1.552,1.61E-01
1.553,8.66E-01
1.554,-6.50E-01
1.555,-2.92E-01
1.556,-2.76E-01
1.557,5.10E-01
1.558,2.75E-01
1.559,1.00E-01
1.56,1.15E-01
1.561,6.74E-01
1.562,-3.78E-02
1.563,9.07E-01
1.564,8.69E-01
1.565,5.17E-01
1.566,-2.59E-01
1.567,9.46E-01
1.568,6.52E-01
1.569,7.71E-01
1.57,7.93E-01
1.571,7.21E-01
1.572,-7.08E-01
1.573,-2.99E-01
1.574,-6.87E-01
1.575,-7.36E-01
1.576,-7.79E-01
1.577,-4.34E-01
1.578,-2.90E-02
1.579,-3.09E-01
1.58,-1.88E-01
1.581,7.06E-01
1.582,-2.03E-01
1.583,6.88E-01
1.584,-7.29E-02
1.585,1.09E-01
1.586,-8.12E-01
1.587,1.06E-01
1.588,-7.77E-01
1.589,4.67E-01
1.59,-4.24E-01
1.591,1.02E+00
1.592,4.43E-01
1.593,-1.33E-01
1.594,-1.04E+00
1.595,9.92E-01
1.596,-4.10E-01
1.597,-8.38E-01
1.598,-6.66E-02
1.599,-6.34E-02
1.6,4.27E-01
1.601,1.20E-01
1.602,5.39E-01
1.603,6.71E-01
1.604,1.32E-01
1.605,-4.41E-01
1.606,4.06E-02
1.607,-1.09E-01
1.608,-1.02E-01
1.609,3.45E-01
1.61,2.39E-01
1.611,7.90E-01
1.612,-1.13E+00
1.613,-6.01E-01
1.614,5.38E-01
1.615,-8.49E-01
1.616,3.10E-01
1.617,5.93E-01
1.618,-7.72E-01
1.619,5.75E-01
1.62,1.06E+00
1.621,9.89E-01
1.622,-5.29E-01
1.623,5.43E-01
1.624,-3.40E-02
1.625,3.96E-01
1.626,9.29E-01
1.627,-7.03E-01
1.628,1.04E+00
1.629,4.03E-01
1.63,6.19E-03
1.631,-6.92E-01
1.632,4.03E-01
1.633,-2.74E-01
1.634,1.31E+00
1.635,-2.05E-01
1.636,-5.94E-01
1.637,8.94E-01
1.638,2.03E-01
1.639,1.43E-01
1.64,3.91E-01
1.641,1.54E-01
1.642,9.25E-01
1.643,-5.11E-01
1.644,-2.58E-01
1.645,-2.54E-01
1.646,1.32E+00
1.647,-3.38E-01
1.648,8.44E-01
1.649,-4.22E-01
1.65,-5.26E-01
1.651,1.11E-01
1.652,-6.86E-01
1.653,4.39E-01
1.654,5.52E-01
1.655,9.82E-01
1.656,3.83E-01
1.657,2.04E-02
1.658,-7.06E-01
1.659,-1.31E-01
1.66,-2.45E-01
1.661,-5.70E-01
1.662,-6.35E-02
1.663,-8.00E-01
1.664,8.21E-01
1.665,-3.44E-01
1.666,-1.73E-02
1.667,3.95E-01
1.668,7.81E-01
1.669,9.03E-01
1.67,-1.26E-01
1.671,3.41E-01
1.672,2.63E-01
1.673,2.96E-01
1.674,-6.51E-01
1.675,7.49E-01
1.676,4.94E-02
1.677,9.01E-01
1.678,-5.05E-01
1.679,5.95E-01
1.68,7.93E-01
1.681,7.63E-01
1.682,6.84E-01
1.683,-9.32E-02
1.684,1.53E-01
1.685,4.53E-01
1.686,3.67E-01
1.687,-1.18E-01
1.688,5.24E-01
1.689,9.83E-02
1.69,8.62E-02
1.691,6.38E-02
1.692,7.92E-02
1.693,8.29E-02
1.694,1.11E-01
1.695,7.92E-02
1.696,9.11E-02
1.697,2.91E-02
1.698,8.97E-03
1.699,6.60E-02
1.7,6.87E-02
1.701,2.97E-02
1.702,9.54E-02
1.703,6.93E-02
1.704,1.22E-01
1.705,8.71E-02
1.706,1.02E-01
1.707,7.24E-02
1.708,7.17E-02
1.709,7.07E-02
1.71,1.27E-01
1.711,7.29E-02
1.712,1.01E-01
1.713,9.81E-02
1.714,1.18E-01
1.715,5.73E-02
1.716,1.29E-01
1.717,7.89E-02
1.718,1.23E-01
1.719,1.45E-01
1.72,8.21E-02
1.721,1.11E-01
1.722,6.69E-02
1.723,1.00E-01
1.724,1.05E-01
1.725,8.52E-02
1.726,8.46E-02
1.727,1.95E-02
1.728,6.55E-02
1.729,9.01E-02
1.73,1.01E-01
1.731,5.40E-02
1.732,7.95E-02
1.733,5.13E-02
1.734,6.78E-02
1.735,4.81E-02
1.736,1.12E-01
1.737,5.28E-02
1.738,9.38E-03
1.739,4.69E-02
1.74,9.03E-02
1.741,1.31E-01
1.742,3.34E-02
1.743,4.70E-02
1.744,1.08E-01
1.745,7.95E-02
1.746,1.14E-01
1.747,3.06E-02
1.748,4.52E-02
1.749,5.55E-02
1.75,4.54E-02
1.751,1.19E-01
1.752,5.14E-02
1.753,6.52E-02
1.754,3.50E-02
1.755,3.53E-02
1.756,1.16E-01
1.757,3.90E-02
1.758,1.07E-01
1.759,5.84E-02
1.76,6.97E-02
1.761,1.12E-01
1.762,6.91E-02
1.763,7.67E-02
1.764,9.90E-02
1.765,7.36E-02
1.766,6.41E-02
1.767,5.62E-02
1.768,6.98E-02
1.769,7.77E-02
1.77,7.93E-02
1.771,1.35E-01
1.772,1.29E-01
1.773,9.54E-02
1.774,6.74E-02
1.775,7.60E-02
1.776,5.41E-02
1.777,1.21E-01
1.778,3.01E-02
1.779,7.93E-02
1.78,3.77E-02
1.781,7.26E-02
1.782,5.07E-02
1.783,1.15E-01
1.784,4.02E-02
1.785,1.04E-01
1.786,8.45E-02
1.787,8.26E-02
1.788,7.00E-02
1.789,3.94E-02
1.79,1.12E-01
1.791,3.56E-02
1.792,1.12E-01
1.793,1.03E-01
1.794,9.18E-02
1.795,8.30E-02
1.796,1.07E-01
1.797,9.93E-02
1.798,1.08E-01
1.799,8.31E-02
1.8,1.07E-01
1.801,5.07E-02
1.802,5.79E-02
1.803,4.72E-02
1.804,9.79E-02
1.805,5.00E-02
1.806,5.89E-02
1.807,7.78E-02
1.808,8.49E-02
1.809,1.10E-01
1.81,9.19E-02
1.811,4.50E-02
1.812,8.22E-02
1.813,4.37E-02
1.814,8.66E-02
1.815,6.08E-02
1.816,1.03E-01
1.817,8.30E-02
1.818,8.37E-02
1.819,1.05E-01
1.82,7.88E-02
1.821,7.96E-02
1.822,8.62E-02
1.823,1.34E-01
1.824,7.38E-02
1.825,5.20E-02
1.826,6.21E-02
1.827,5.26E-02
1.828,1.08E-01
1.829,1.17E-01
1.83,6.62E-02
1.831,9.35E-02
1.832,8.33E-02
1.833,4.77E-02
1.834,9.82E-02
1.835,9.71E-02
1.836,2.64E-02
1.837,2.85E-02
1.838,2.70E-02
1.839,8.84E-02
1.84,5.95E-02
1.841,8.07E-02
1.842,8.20E-02
1.843,6.43E-02
1.844,4.09E-02
1.845,8.13E-02
1.846,5.83E-02
1.847,5.85E-02
1.848,7.48E-02
1.849,7.88E-02
1.85,1.05E-01
1.851,1.03E-01
1.852,1.13E-01
1.853,6.55E-02
1.854,1.33E-01
1.855,2.00E-02
1.856,5.20E-02
1.857,3.54E-02
1.858,1.17E-01
1.859,8.84E-02
1.86,2.98E-02
1.861,9.57E-02
1.862,4.62E-02
1.863,5.59E-02
1.864,3.34E-02
1.865,6.78E-02
1.866,1.07E-01
1.867,1.25E-01
1.868,6.22E-02
1.869,6.25E-02
1.87,6.48E-02
1.871,6.82E-02
1.872,1.11E-01
1.873,4.71E-02
1.874,6.17E-02
1.875,1.03E-01
1.876,1.14E-01
1.877,7.47E-02
1.878,5.43E-02
1.879,1.18E-01
1.88,1.20E-01
1.881,4.99E-02
1.882,5.39E-02
1.883,5.31E-02
1.884,1.06E-01
1.885,2.69E-02
1.886,1.16E-01
1.887,3.77E-02
1.888,3.79E-02
1.889,6.14E-02
1.89,4.85E-02
1.891,1.04E-01
1.892,7.63E-02
1.893,9.99E-02
1.894,6.31E-02
1.895,5.36E-02
1.896,6.98E-02
1.897,1.24E-01
1.898,9.37E-02
1.899,3.93E-02
1.9,6.45E-02
1.901,5.30E-02
1.902,5.69E-02
1.903,7.03E-02
1.904,5.05E-02
1.905,7.78E-02
1.906,5.30E-02
1.907,4.32E-02
1.908,5.44E-02
1.909,1.26E-01
1.91,7.23E-02
1.911,7.16E-02
1.912,1.11E-01
1.913,1.19E-01
1.914,1.13E-01
1.915,5.50E-02
1.916,8.27E-02
1.917,6.24E-02
1.918,3.78E-02
1.919,6.22E-02
1.92,2.73E-02
1.921,4.83E-02
1.922,5.73E-02
1.923,7.56E-02
1.924,6.25E-02
1.925,5.06E-02
1.926,1.20E-01
1.927,9.58E-02
1.928,1.23E-01
1.929,1.03E-01
1.93,9.35E-02
1.931,5.47E-02
1.932,8.04E-02
1.933,8.13E-02
1.934,1.10E-01
1.935,8.73E-02
1.936,4.96E-02
1.937,6.52E-02
1.938,8.62E-02
1.939,7.34E-02
1.94,8.31E-02
1.941,8.08E-02
1.942,7.14E-02
1.943,1.03E-01
1.944,7.11E-02
1.945,6.03E-02
1.946,7.60E-02
1.947,1.48E-01
1.948,1.47E-01
1.949,8.80E-02
1.95,8.00E-02
1.951,1.04E-01
1.952,5.73E-02
1.953,1.32E-01
1.954,9.35E-02
1.955,4.85E-02
1.956,4.03E-02
1.957,6.83E-02
1.958,6.36E-02
1.959,6.54E-02
1.96,3.13E-02
1.961,8.81E-02
1.962,9.28E-02
1.963,4.16E-02
1.964,8.38E-02
1.965,5.20E-02
1.966,6.74E-02
1.967,5.30E-02
1.968,6.95E-02
1.969,7.42E-02
1.97,9.25E-02
1.971,9.24E-02
1.972,1.05E-01
1.973,7.72E-02
1.974,1.13E-01
1.975,9.80E-02
1.976,1.30E-01
1.977,6.14E-02
1.978,6.15E-02
1.979,5.00E-02
1.98,8.39E-02
1.981,9.35E-02
1.982,1.92E-02
1.983,5.66E-02
1.984,3.65E-02
1.985,4.18E-02
1.986,5.43E-02
1.987,7.54E-02
1.988,7.84E-02
1.989,1.04E-01
1.99,3.07E-02
1.991,1.17E-01
1.992,8.09E-02
1.993,1.07E-02
1.994,6.25E-02
1.995,9.13E-02
1.996,3.54E-01
1.997,-8.94E-01
1.998,-2.47E-01
1.999,-2.04E-01
2,3.12E-01
2.001,1.13E-01
2.002,7.61E-01
2.003,-5.58E-01
2.004,-2.61E-01
2.005,-7.60E-01
2.006,-7.87E-01
2.007,-7.33E-02
2.008,-5.21E-01
2.009,2.54E-01
2.01,-1.01E+00
2.011,-2.53E-02
2.012,-9.97E-01
2.013,5.99E-01
2.014,-1.52E-01
2.015,-9.74E-01
2.016,6.40E-01
2.017,4.15E-01
2.018,-4.32E-01
2.019,7.59E-01
2.02,-4.23E-01
2.021,1.62E-01
2.022,-2.83E-01
2.023,4.05E-01
2.024,7.64E-02
2.025,-3.20E-02
2.026,-3.40E-01
2.027,5.29E-01
2.028,1.09E+00
2.029,9.44E-01
2.03,5.65E-01
2.031,-4.14E-01
2.032,-2.02E-01
2.033,6.15E-01
2.034,1.93E-02
2.035,8.63E-01
2.036,-3.36E-01
2.037,-1.35E-01
2.038,-6.49E-01
2.039,-4.43E-01
2.04,-5.78E-01
2.041,5.52E-01
2.042,-4.40E-01
2.043,-3.20E-01
2.044,3.32E-01
2.045,-1.09E-01
2.046,-6.70E-01
2.047,-1.55E-01
2.048,7.96E-01
2.049,-5.30E-01
2.05,-5.05E-01
2.051,4.63E-01
2.052,-7.37E-01
2.053,-1.62E-01
2.054,-7.38E-02
2.055,-3.94E-01
2.056,8.15E-01
2.057,2.20E-02
2.058,-4.74E-01
2.059,3.11E-01
2.06,-6.95E-01
2.061,-5.22E-01
2.062,4.91E-02
2.063,-5.94E-01
2.064,5.06E-01
2.065,3.37E-01
2.066,4.31E-01
2.067,-5.08E-01
2.068,-3.85E-01
2.069,5.81E-01
2.07,-2.69E-01
2.071,3.86E-01
2.072,-4.11E-02
2.073,-4.77E-01
2.074,-2.90E-01
2.075,5.94E-01
2.076,3.61E-01
2.077,4.70E-01
2.078,3.46E-01
2.079,-2.93E-01
2.08,3.36E-01
2.081,5.95E-01
2.082,4.36E-01
2.083,-6.07E-01
2.084,-5.52E-01
2.085,-2.31E-01
2.086,-8.86E-01
2.087,5.31E-01
2.088,-3.93E-02
2.089,-3.01E-01
2.09,-3.25E-01
2.091,6.86E-01
2.092,-5.59E-01
2.093,-8.53E-01
2.094,-4.17E-01
2.095,-2.39E-01
2.096,6.16E-01
2.097,-1.83E-01
2.098,6.08E-01
2.099,6.68E-01
2.1,-4.97E-01
2.101,1.43E-01
2.102,3.32E-01
2.103,3.52E-01
2.104,2.89E-01
2.105,2.97E-01
2.106,-5.25E-02
2.107,6.78E-02
2.108,5.26E-02
2.109,5.64E-01
2.11,-3.60E-01
2.111,6.17E-02
2.112,3.07E-01
2.113,-5.19E-01
2.114,-5.07E-01
2.115,7.53E-01
2.116,3.24E-01
2.117,1.00E+00
2.118,-6.25E-01
2.119,5.61E-01
2.12,-9.90E-01
2.121,6.62E-01
2.122,-1.65E-01
2.123,4.30E-01
2.124,-6.87E-01
2.125,3.03E-02
2.126,-7.77E-01
2.127,1.05E+00
2.128,-5.59E-01
2.129,-6.93E-01
2.13,8.11E-01
2.131,2.99E-01
2.132,-6.09E-01
2.133,9.53E-02
2.134,-7.82E-01
2.135,-5.89E-01
2.136,6.06E-01
2.137,-6.45E-01
2.138,-7.23E-01
2.139,-5.79E-01
2.14,3.30E-01
2.141,7.45E-02
2.142,1.06E+00
2.143,3.79E-01
2.144,4.36E-01
2.145,-2.53E-01
2.146,-2.30E-01
2.147,2.21E-01
2.148,1.72E-01
2.149,1.66E-01
2.15,-7.04E-01
2.151,1.16E+00
2.152,4.72E-01
2.153,5.58E-01
2.154,2.41E-01
2.155,-5.11E-01
2.156,5.09E-01
2.157,4.04E-02
2.158,8.82E-01
2.159,-4.94E-01
2.16,6.36E-01
2.161,1.08E-01
2.162,5.72E-01
2.163,-3.63E-01
2.164,5.47E-01
2.165,-4.06E-01
2.166,-9.13E-01
2.167,-5.31E-01
2.168,-4.42E-01
2.169,-1.38E-01
2.17,-4.11E-01
2.171,5.68E-02
2.172,2.67E-01
2.173,-8.39E-01
2.174,2.01E-01
2.175,1.30E-01
2.176,2.32E-01
2.177,-7.70E-01
2.178,9.04E-01
2.179,-2.68E-02
2.18,9.28E-01
2.181,-6.84E-01
2.182,-6.15E-01
2.183,-3.22E-01
2.184,6.44E-01
2.185,7.68E-01
2.186,-2.65E-02
2.187,9.33E-01
2.188,3.75E-01
2.189,-2.47E-01
2.19,6.20E-01
2.191,-3.29E-01
2.192,-7.17E-01
2.193,4.08E-01
2.194,3.27E-01
2.195,-1.97E-01
2.196,-2.16E-01
2.197,1.30E-01
2.198,5.85E-01
2.199,-9.09E-02
2.2,-2.17E-01
2.201,-3.76E-01
2.202,-7.97E-01
2.203,-5.09E-01
2.204,-1.63E-01
2.205,-1.55E-01
2.206,-4.67E-01
2.207,5.18E-01
2.208,8.72E-01
2.209,1.58E-01
2.21,3.37E-01
2.211,-2.22E-01
2.212,1.94E-01
2.213,-6.89E-01
2.214,-6.84E-01
2.215,5.48E-01
2.216,-3.26E-01
2.217,1.82E-01
2.218,-1.85E-01
2.219,-6.87E-01
2.22,-1.13E-01
2.221,7.09E-01
2.222,8.55E-01
2.223,5.74E-01
2.224,4.77E-01
2.225,2.29E-01
2.226,8.47E-01
2.227,5.21E-02
2.228,-7.30E-01
2.229,1.39E+00
2.23,-9.71E-02
2.231,5.91E-02
2.232,-9.07E-01
2.233,-5.86E-01
2.234,-4.86E-01
2.235,-5.75E-01
2.236,1.01E+00
2.237,-1.01E+00
2.238,-4.70E-01
2.239,8.58E-02
2.24,5.27E-01
2.241,2.93E-01
2.242,-6.41E-01
2.243,2.47E-01
2.244,-3.06E-01
2.245,-1.73E-01
2.246,6.95E-01
2.247,4.95E-01
2.248,-2.63E-01
2.249,4.35E-01
2.25,-1.86E-01
2.251,-3.66E-01
2.252,1.19E-01
2.253,8.76E-02
2.254,7.94E-02
2.255,9.97E-02
2.256,7.22E-02
2.257,3.92E-02
2.258,6.54E-02
2.259,6.51E-02
2.26,7.04E-02
2.261,8.24E-02
2.262,8.66E-02
2.263,1.30E-01
2.264,1.48E-01
2.265,7.92E-02
2.266,9.43E-02
2.267,1.15E-01
2.268,6.73E-02
2.269,1.14E-01
2.27,1.04E-01
2.271,7.28E-02
2.272,5.72E-02
2.273,8.99E-02
2.274,3.58E-02
2.275,8.47E-02
2.276,7.98E-02
2.277,1.22E-01
2.278,8.04E-02
2.279,1.13E-01
2.28,6.15E-02
2.281,1.20E-01
2.282,3.64E-02
2.283,7.10E-02
2.284,8.39E-02
2.285,6.21E-02
2.286,5.18E-02
2.287,5.64E-02
2.288,6.37E-02
2.289,6.18E-02
2.29,4.12E-02
2.291,8.33E-02
2.292,8.57E-02
2.293,4.66E-02
2.294,1.00E-01
2.295,7.11E-02
2.296,7.69E-02
2.297,6.63E-02
2.298,8.02E-02
2.299,1.23E-01
2.3,5.51E-02
2.301,9.23E-02
2.302,1.06E-01
2.303,8.49E-02
2.304,7.74E-02
2.305,4.64E-02
2.306,5.40E-02
2.307,3.62E-02
2.308,8.07E-02
2.309,7.65E-02
2.31,6.70E-02
2.311,7.61E-02
2.312,1.17E-01
2.313,1.12E-01
2.314,4.32E-02
2.315,1.02E-01
2.316,8.95E-02
2.317,4.12E-02
2.318,1.16E-01
2.319,6.46E-02
2.32,5.14E-02
2.321,7.26E-02
2.322,1.07E-01
2.323,8.32E-02
2.324,4.35E-02
2.325,5.83E-02
2.326,9.12E-02
2.327,5.17E-02
2.328,9.81E-02
2.329,3.01E-02
2.33,4.61E-02
2.331,8.39E-02
2.332,7.75E-02
2.333,1.30E-01
2.334,7.08E-02
2.335,9.20E-02
2.336,1.07E-01
2.337,9.14E-02
2.338,9.32E-02
2.339,8.17E-02
2.34,6.42E-02
2.341,6.71E-02
2.342,6.23E-02
2.343,6.07E-02
2.344,5.92E-02
2.345,6.52E-02
2.346,1.09E-01
2.347,5.92E-02
2.348,5.32E-02
2.349,5.98E-02
2.35,7.20E-02
2.351,9.15E-02
2.352,1.09E-01
2.353,9.79E-02
2.354,6.95E-02
2.355,6.24E-02
2.356,9.79E-02
2.357,4.66E-02
2.358,1.34E-01
2.359,8.98E-02
2.36,1.07E-01
2.361,8.17E-02
2.362,7.19E-02
2.363,3.93E-02
2.364,1.22E-01
2.365,1.21E-01
2.366,7.19E-02
2.367,5.71E-02
2.368,3.64E-02
2.369,1.00E-01
2.37,7.78E-02
2.371,6.83E-02
2.372,7.60E-02
2.373,5.60E-02
2.374,5.56E-02
2.375,1.30E-01
2.376,6.09E-02
2.377,8.95E-02
2.378,1.28E-01
2.379,4.18E-02
2.38,8.80E-02
2.381,8.41E-02
2.382,8.30E-02
2.383,5.79E-02
2.384,8.66E-02
2.385,7.51E-02
2.386,5.46E-02
2.387,1.23E-01
2.388,5.02E-02
2.389,7.37E-02
2.39,1.31E-01
2.391,1.04E-01
2.392,1.87E-02
2.393,5.10E-02
2.394,1.28E-01
2.395,6.80E-02
2.396,9.44E-02
2.397,9.67E-02
2.398,5.32E-02
2.399,1.17E-01
2.4,9.18E-02
2.401,1.27E-01
2.402,9.87E-02
2.403,9.81E-02
2.404,7.33E-02
2.405,5.21E-02
2.406,7.73E-02
2.407,8.00E-02
2.408,4.49E-02
2.409,6.02E-02
2.41,1.10E-01
2.411,1.31E-01
2.412,1.13E-01
2.413,9.39E-02
2.414,9.80E-02
2.415,3.68E-02
2.416,6.62E-02
2.417,6.96E-02
2.418,5.08E-02
2.419,3.84E-02
2.42,8.62E-02
2.421,1.05E-01
2.422,9.55E-02
2.423,1.25E-01
2.424,1.24E-01
2.425,5.04E-02
2.426,1.04E-01
2.427,6.07E-02
2.428,4.61E-02
2.429,7.02E-02
2.43,6.27E-02
2.431,1.22E-01
2.432,7.78E-02
2.433,7.68E-02
2.434,6.08E-02
2.435,6.25E-02
2.436,1.23E-01
2.437,1.07E-01
2.438,4.82E-02
2.439,6.12E-02
2.44,2.91E-02
2.441,6.35E-02
2.442,4.37E-02
2.443,6.21E-02
2.444,8.13E-02
2.445,8.79E-02
2.446,4.55E-02
2.447,5.66E-02
2.448,1.19E-01
2.449,3.13E-02
2.45,1.02E-01
2.451,7.67E-02
2.452,1.18E-01
2.453,9.76E-02
2.454,8.42E-02
2.455,7.54E-02
2.456,7.32E-02
2.457,1.05E-01
2.458,6.58E-02
2.459,1.22E-01
2.46,1.01E-01
2.461,7.53E-02
2.462,5.35E-02
2.463,5.09E-02
2.464,5.14E-02
2.465,1.15E-01
2.466,5.44E-02
2.467,3.99E-02
2.468,9.44E-02
2.469,3.43E-02
2.47,1.01E-01
2.471,9.98E-02
2.472,5.85E-02
2.473,4.32E-02
2.474,9.65E-02
2.475,7.67E-02
2.476,6.40E-02
2.477,9.69E-02
2.478,4.99E-02
2.479,1.21E-01
2.48,4.82E-02
2.481,7.29E-02
2.482,9.13E-02
2.483,2.99E-02
2.484,3.97E-02
2.485,7.89E-02
2.486,4.98E-02
2.487,9.69E-02
2.488,1.44E-01
2.489,2.67E-02
2.49,1.05E-01
2.491,1.96E-02
2.492,3.72E-02
2.493,9.86E-02
2.494,1.25E-01
2.495,9.65E-02
2.496,1.31E-01
2.497,4.99E-02
2.498,8.01E-02
2.499,9.00E-02
2.5,5.43E-02
2.501,1.03E-01
2.502,6.62E-02
2.503,9.77E-02
2.504,5.94E-02
2.505,4.59E-02
2.506,1.08E-01
2.507,1.15E-01
2.508,1.03E-01
2.509,1.08E-01
2.51,1.02E-01
2.511,1.03E-01
2.512,7.28E-02
2.513,3.15E-02
2.514,9.29E-02
2.515,9.72E-02
2.516,2.87E-02
2.517,1.03E-01
2.518,7.68E-02
2.519,7.21E-02
2.52,1.22E-01
2.521,9.10E-02
2.522,3.62E-02
2.523,1.35E-01
2.524,7.66E-02
2.525,7.93E-02
2.526,7.79E-02
2.527,9.68E-02
2.528,4.74E-02
2.529,1.21E-01
2.53,8.51E-02
2.531,1.21E-01
2.532,1.22E-01
2.533,5.94E-02
2.534,6.85E-02
2.535,3.60E-02
2.536,9.67E-02
2.537,4.00E-02
2.538,8.81E-02
2.539,5.60E-02
2.54,1.17E-01
2.541,2.87E-02
2.542,9.23E-02
2.543,9.70E-02
2.544,3.59E-02
2.545,8.23E-02
2.546,6.32E-02
2.547,8.42E-02
2.548,8.01E-02
2.549,6.83E-02
2.55,8.14E-02
2.551,1.51E-01
2.552,5.44E-02
2.553,7.04E-02
2.554,1.33E-01
2.555,4.51E-02
2.556,5.44E-02
2.557,1.23E-01
2.558,4.87E-02
